# name	country
Miles Davis	US
John Coltrane	US
Kamasi Washington	US
Ludovico Einaudi	IT
Johann Sebastian Bach	DE
Morgan Wallen	US
Dolly Parton	US
Brooks & Dunn	US
Slipknot	US
Iron Maiden	GB
Sabaton	SE
Gojira	FR
Drake	CA
Eminem	US
Tyler, The Creator	US
Travis Scott	US
Avicii	SE
David Guetta	FR
Skrillex	US
Above & Beyond	GB
TWICE	KR
IU	KR
Stray Kids	KR
YOASOBI	JP
米津玄師	JP
X JAPAN	JP
Shakira	CO
Karol G	CO
Wisin & Yandel	PR
Peso Pluma	MX
Wizkid	NG
Davido	NG
Fela Kuti	NG
Shreya Ghoshal	IN
Lata Mangeshkar	IN
Vishal–Shekhar	IN
Sidhu Moose Wala	IN
Karan Aujla	IN
Fairuz	LB
Amr Diab	EG
Umm Kulthum	EG
Tarkan	TR
Sezen Aksu	TR
Stromae	BE
Édith Piaf	FR
Aya Nakamura	FR
Kraftwerk	DE
Helene Fischer	DE
Böhse Onkelz	DE
Frei.Wild	IT
Anitta	BR
Caetano Veloso	BR
Henrique & Juliano	BR
Кино	RU
Земфира	RU
Oxxxymiron	RU
Tinariwen	ML
Ichiko Aoba	JP
Black Country, New Road	GB
AC/DC	AU
Simon & Garfunkel	US
Earth, Wind & Fire	US
